elapsed_ns,rss_bytes
3705750,1998848
115569500,6586368
224212334,7405568
341002709,7569408
451320667,7602176
556294875,7602176
672961459,7684096
781436209,7684096
889275542,7684096
997651792,7733248
1105760792,7733248
1217404584,7733248
1326811250,7733248
1436826209,7733248
1553536292,7733248
1663620792,7733248
1773931000,7749632
1880786500,7749632
1997704292,7766016
2113089209,7766016
2227713375,7782400
2344642625,7782400
2455313625,7798784
2571612625,7798784
2687331167,7798784
2801743209,7798784
2919171917,7815168
3027663417,7815168
3139787459,7815168
3255168792,7831552
3371711292,7847936
3484984125,7847936
3591986209,7880704
3708329334,7880704
3823684625,7880704
3934661334,7880704
4051749042,7880704
4167560875,7880704
4285025667,7880704
4401487625,7880704
4510122959,7897088
4617867542,7897088
4734136209,7913472
4842876834,7913472
4955027250,7913472
5072135667,7913472
5186878209,7913472
5299590167,7913472
5412194042,7929856
5528579125,7946240
5646125584,7946240
5760829709,7946240
5871695709,7946240
5981528167,7946240
6090963709,7946240
6202398584,7946240
6313788042,7946240
6422306834,7946240
6531357084,7962624
6645898334,7962624
6760083000,7979008
6872520375,7979008
6989869542,7995392
7097067000,7995392
7213283042,8011776
7327015584,8011776
7442788334,8011776
7557524792,8011776
7672754750,8044544
7786448292,8060928
7902649292,8060928
8010682042,8060928
8119177084,8077312
8226792917,8077312
8342731750,8077312
8459403500,8077312
8568853459,8077312
8685313167,8077312
8798349542,8077312
8915680667,8077312
9034049334,8077312
9147956042,8077312
9256861834,8077312
9372492792,8077312
9487467125,8077312
9603180125,8093696
9719694709,8093696
9829865292,8093696
9943149500,8093696
10050081834,8093696
10159672042,8093696
10272866625,8093696
10390763750,8093696
10502833959,8093696
10616247084,8093696
10732970875,8093696
10851241084,8093696
10968202709,8093696
11083554959,8093696
11197171209,8093696
11314460375,8110080
11425533834,8110080
11543566625,8110080
11659938709,8110080
11776008542,8110080
11887421584,8110080
11998136250,8110080
12108646959,8110080
12222780459,8110080
12334668250,8110080
12448731584,8110080
12565353042,8110080
12681165667,8110080
12794110875,8110080
12902313000,8110080
13016637167,8110080
13131746334,8110080
13247533084,8110080
13363696542,8110080
13472047834,8110080
13589910459,8110080
13705893917,8110080
13814386584,8110080
13928938167,8110080
14039226875,8110080
14147862625,8110080
14264105584,8110080
14381111292,8110080
14495038542,8110080
14612241167,8110080
14726102459,8110080
14836738750,8110080
14949769125,8110080
15059020625,8142848
15175567542,8142848
15285833667,8142848
15397726584,8142848
15503824959,8142848
15609069750,8142848
15715039084,8142848
15830890042,8142848
15945072792,8142848
16055516709,8142848
16172531125,8142848
16287802084,8142848
16403095042,8142848
16518776667,8142848
16632178417,8142848
16741369375,8142848
16855635500,8142848
16967219917,8142848
17082291834,8142848
17191127834,8142848
17302560917,8142848
17416659042,8142848
17526047292,8142848
17640643042,8142848
17752366417,8142848
17869226500,8142848
17982390667,8142848
18095238625,8142848
18209926584,8142848
18324334250,8142848
18448962750,8142848
18563999000,8142848
18675203500,8142848
18790745500,8142848
18907498375,8142848
19023918625,8142848
19133561084,8142848
19248585709,8142848
19357860209,8142848
19468782417,8142848
19578321625,8142848
19688155917,8142848
19797789167,8142848
19914930709,8142848
20029520000,8142848
20140344250,8142848
20252135834,8142848
20362214875,8142848
20479055542,8142848
20595087459,8142848
20711733417,8142848
20821249167,8142848
20934348834,8142848
21041680167,8142848
21156354209,8142848
21263702500,8142848
21373073834,8142848
21488893959,8142848
21605811584,8142848
21722977750,8142848
21837697500,8142848
21947321042,8142848
22056586417,8142848
22173332375,8142848
22289855459,8142848
22407620417,8142848
22524612459,8142848
22638592000,8142848
22754873917,8142848
22863677959,8142848
22978938750,8142848
23094444292,8142848
23202181125,8142848
23311079584,8142848
23420521500,8142848
23530961834,8142848
23645324792,8142848
23751390917,8142848
23856808584,8142848
23973439292,8142848
24088774459,8142848
24198739125,8142848
24313129209,8142848
24417895375,8142848
24534059459,8142848
24651319042,8142848
24765793292,8142848
24882196000,8142848
24989725292,8142848
25107209334,8142848
25215678584,8142848
25333381042,8142848
25451397709,8142848
25569177792,8142848
25677127500,8142848
25788941834,8142848
25904957167,8142848
26016444750,8142848
26127842500,8142848
26240832542,8142848
26352247084,8142848
26469002375,8142848
26576538250,8142848
26692454709,8142848
26807144250,8142848
26921408750,0
