mode,run,commands,batch_size,samples,total_ns,commit_p50_ns,commit_p95_ns,commit_p99_ns,commit_max_ns,recovery_ns,audit_ns
memory,0,2000,0,0,467458,0,0,0,0,0,0
file_wal_sync,0,2000,1,2000,8024427834,3997875,4168375,5018209,14391167,16771167,0
sqlite_full,0,2000,1,2000,8227041666,4004125,4898292,7966625,14855708,12367167,7984375
sqlite_full,0,2000,64,32,135004458,4034250,5096833,6137584,6137584,7477583,4708541
sqlite_full,0,2000,256,8,38064125,4875583,5275000,5275000,5275000,8039958,4754583
memory,1,2000,0,0,138833,0,0,0,0,0,0
file_wal_sync,1,2000,1,2000,7962103125,3996500,4144792,4315166,9707459,26895833,0
sqlite_full,1,2000,1,2000,8279808792,4005125,4994542,7970791,13908250,10370500,4709041
sqlite_full,1,2000,64,32,134332209,4023792,4968667,4973917,4973917,8458416,5607000
sqlite_full,1,2000,256,8,39875083,4986583,5110916,5110916,5110916,7887625,4712750
memory,2,2000,0,0,131666,0,0,0,0,0,0
file_wal_sync,2,2000,1,2000,7999096667,3997375,4160834,4343583,13150291,27834542,0
sqlite_full,2,2000,1,2000,8258841542,4007291,4938917,7979459,10099959,13264667,8661417
sqlite_full,2,2000,64,32,138974375,4042209,5050000,5086459,5086459,14634625,8567458
sqlite_full,2,2000,256,8,40989709,5001500,5789250,5789250,5789250,10911916,5993916
