sequence,timestamp_ns,bid,ask,bid_quantity,ask_quantity
1,1000000,10090,10110,10,10
2,2000000,9890,9910,10,10
3,3000000,9900,9920,10,4
4,4000000,9930,9950,10,6
5,5000000,10390,10410,10,10
6,6000000,10590,10610,10,10
7,7000000,10600,10620,3,10
8,8000000,10610,10630,7,10
9,9000000,10090,10110,10,10
10,10000000,9890,9910,10,10
11,11000000,9900,9920,10,5
12,12000000,9910,9930,10,5
13,13000000,10490,10510,10,10
14,14000000,10690,10710,10,10
15,15000000,10700,10720,6,10
16,16000000,10710,10730,4,10
17,17000000,10090,10110,10,10
18,18000000,9990,10010,10,10
19,19000000,10090,10110,10,10
20,20000000,10090,10110,10,10
