workload,size,variant,samples,min_batch_ns,median_batch_ns,max_batch_ns,orders_examined,checksum
order_churn,1000,active,7,33542,37959,43792,999,1000000
order_churn,1000,history,7,1210792,1371875,1573459,499500,1000000
order_churn,5000,active,7,49125,51958,114167,4999,1000000
order_churn,5000,history,7,10977917,11741625,16536459,12497500,1000000
order_churn,20000,active,7,195667,198417,201250,19999,1000000
order_churn,20000,history,7,174793041,175158459,175681541,199990000,1000000
all_active_10000_quotes,1000,active,7,16767417,16870333,17103000,10000000,1000000
all_active_10000_quotes,1000,history,7,16684667,16745208,16895084,10000000,1000000
rolling_mean_200000_updates,16,incremental,7,282208,347208,357208,0,2019690581
rolling_mean_200000_updates,16,resum,7,731167,743167,745916,0,2019690581
rolling_mean_200000_updates,256,incremental,7,282667,347084,349959,0,2017227768
rolling_mean_200000_updates,256,resum,7,9536958,9576292,9588833,0,2017227768
