elapsed_ns,rss_bytes
3179417,2195456
116288458,7585792
227639083,7733248
343796042,7766016
461511958,7766016
570532083,7766016
678598792,7766016
789724167,7766016
903567250,7766016
1021440917,7766016
1138063167,7766016
1253380667,7766016
1371442500,7766016
1489516042,7766016
1602539958,7847936
1719865125,7913472
1827964625,7995392
1937012458,8060928
2051878333,8093696
2168108833,8110080
2283778958,8126464
2400071875,8126464
2516354792,8126464
2632052625,8126464
2747667458,8142848
